Timestamp,User Count,Type,Name,Requests/s,Failures/s,50%,66%,75%,80%,90%,95%,98%,99%,99.9%,99.99%,100%,Total Request Count,Total Failure Count,Total Median Response Time,Total Average Response Time,Total Min Response Time,Total Max Response Time,Total Average Content Size
1750764236,0,,Aggregated,0.000000,0.000000,N/A,N/A,N/A,N/A,N/A,N/A,N/A,N/A,N/A,N/A,N/A,0,0,0,0.0,0,0,0
1750764237,5,,Aggregated,0.000000,0.000000,N/A,N/A,N/A,N/A,N/A,N/A,N/A,N/A,N/A,N/A,N/A,0,0,0,0.0,0,0,0
1750764238,10,,Aggregated,0.000000,0.000000,N/A,N/A,N/A,N/A,N/A,N/A,N/A,N/A,N/A,N/A,N/A,0,0,0,0.0,0,0,0
1750764239,15,,Aggregated,0.000000,0.000000,3000,3000,3000,3000,3000,3000,3000,3000,3000,3000,3000,2,0,3000.0,2984.1331000006903,2964.5540000019537,3003.712199999427,423.0
1750764240,20,,Aggregated,0.000000,0.000000,3100,3100,3100,3500,3500,3500,3500,3500,3500,3500,3500,5,0,3100.0,3138.1874400001834,2964.5540000019537,3542.150200002652,423.0
1750764241,25,,Aggregated,0.000000,0.000000,3100,3500,3900,3900,4000,4000,4000,4000,4000,4000,4000,7,0,3100.0,3362.264399999861,2964.5540000019537,3965.5629999979283,423.0
1750764243,35,,Aggregated,0.000000,0.000000,3900,4000,4500,4600,4600,4600,4600,4600,4600,4600,4600,10,0,3500.0,3722.8348700002243,2964.5540000019537,4622.312700001203,423.0
1750764244,40,,Aggregated,1.666667,0.000000,4500,4600,4800,5000,5400,5400,5500,5500,5500,5500,5500,21,0,4500.0,4303.82021428609,2964.5540000019537,5457.809000003181,355.3809523809524
1750764245,45,,Aggregated,1.666667,0.000000,4500,4800,5000,5400,5400,5500,5500,5500,5500,5500,5500,24,0,4500.0,4385.281650000404,2964.5540000019537,5513.147699999536,349.0416666666667
1750764246,50,,Aggregated,1.428571,0.000000,4500,4800,5000,5400,5500,5500,6000,6000,6000,6000,6000,26,0,4500.0,4440.667284615791,2964.5540000019537,5952.774400000635,341.0769230769231
1750764247,55,,Aggregated,2.666667,0.000000,4800,5400,5500,5500,6200,6300,6500,6500,6500,6500,6500,33,0,4800.0,4777.206703030639,2964.5540000019537,6465.666100000817,336.93939393939394
1750764248,60,,Aggregated,2.600000,0.000000,5200,5500,6100,6200,6400,6700,6700,6700,6700,6700,6700,40,0,5000.0,5015.551005000179,2964.5540000019537,6688.676699999633,325.375
1750764249,65,,Aggregated,3.200000,0.000000,5500,5700,6200,6200,6400,6700,6700,6900,6900,6900,6900,52,0,5500.0,5227.333594230982,2964.5540000019537,6943.566900001315,300.11538461538464
1750764250,70,,Aggregated,3.700000,0.000000,5500,5800,6200,6200,6500,6700,6700,6900,6900,6900,6900,58,0,5500.0,5306.943339655405,2964.5540000019537,6943.566900001315,288.3448275862069
1750764252,75,,Aggregated,4.100000,0.000000,5600,6000,6200,6300,6700,6800,6900,6900,6900,6900,6900,66,0,5600.0,5434.638580303228,2964.5540000019537,6943.566900001315,288.530303030303
1750764253,80,,Aggregated,4.800000,0.000000,5600,6200,6400,6500,6800,7300,7600,7800,7800,7800,7800,71,0,5600.0,5565.097928169179,2964.5540000019537,7791.435900002398,293.0
1750764254,85,,Aggregated,5.800000,0.000000,5800,6400,6600,6700,7200,7400,7600,7800,7800,7800,7800,81,0,5800.0,5743.7340864199505,2964.5540000019537,7791.435900002398,287.1358024691358
1750764255,90,,Aggregated,6.100000,0.000000,6100,6600,6800,7000,7400,7700,7900,8100,8100,8100,8100,91,0,6100.0,5930.916610989106,2964.5540000019537,8111.442800000077,282.56043956043953
1750764257,95,,Aggregated,6.000000,0.000000,6300,6800,7200,7400,7900,8100,8100,8300,8400,8400,8400,105,0,6300.0,6184.025064762126,2964.5540000019537,8433.135300001595,277.6190476190476
1750764258,100,,Aggregated,6.700000,0.000000,6400,7000,7400,7600,8000,8100,8400,8600,8900,8900,8900,112,0,6400.0,6303.873061607321,2964.5540000019537,8915.381499999057,274.0267857142857
1750764259,110,,Aggregated,6.900000,0.000000,6700,7400,7800,7900,8200,8400,8800,8800,8900,8900,8900,127,0,6700.0,6536.697799212732,2964.5540000019537,8915.381499999057,263.6692913385827
1750764261,115,,Aggregated,7.300000,0.000000,6800,7700,8000,8100,8400,8800,8900,9000,9100,9100,9100,139,0,6800.0,6708.003107194402,2964.5540000019537,9097.6914999992,259.54676258992805
1750764262,120,,Aggregated,7.600000,0.000000,7100,7900,8100,8300,8800,9000,9300,9600,9700,9700,9700,151,0,7100.0,6895.70107284783,2964.5540000019537,9740.037100000336,256.0794701986755
1750764263,125,,Aggregated,7.600000,0.000000,7200,7900,8100,8300,8800,9100,9300,9600,9700,9700,9700,153,0,7200.0,6928.363773202754,2964.5540000019537,9740.037100000336,253.62091503267973
1750764264,130,,Aggregated,8.300000,0.000000,7400,8100,8400,8700,9100,9600,10000,10000,10000,10000,10000,167,0,7400.0,7151.467982036075,2964.5540000019537,10460.092599998461,248.688622754491
1750764265,135,,Aggregated,8.100000,0.000000,7600,8200,8700,8900,9500,9800,10000,10000,10000,10000,10000,177,0,7600.0,7293.362483051004,2964.5540000019537,10460.092599998461,248.5084745762712
1750764266,140,,Aggregated,8.300000,0.000000,7800,8400,8900,9300,9700,10000,10000,10000,11000,11000,11000,193,0,7800.0,7500.439858031219,2964.5540000019537,10784.734499997285,242.74093264248705
1750764267,145,,Aggregated,9.000000,0.000000,7900,8600,9000,9300,9800,10000,10000,10000,11000,11000,11000,197,0,7900.0,7554.724294416382,2964.5540000019537,10784.734499997285,240.99492385786803
1750764268,150,,Aggregated,8.800000,0.000000,7900,8700,9100,9500,9900,10000,10000,11000,11000,11000,11000,203,0,7900.0,7645.857477340012,2964.5540000019537,11306.402400001389,239.3793103448276
1750764270,155,,Aggregated,9.300000,0.000000,8000,8800,9200,9500,10000,10000,11000,11000,12000,12000,12000,205,0,8000.0,7683.182336585458,2964.5540000019537,11832.394199998816,239.4390243902439
1750764271,160,,Aggregated,8.800000,0.000000,8000,8800,9300,9500,10000,10000,11000,12000,13000,13000,13000,208,0,8000.0,7750.100639903919,2964.5540000019537,12854.715399997076,238.67307692307693
1750764272,165,,Aggregated,8.300000,0.000000,8100,8900,9500,9700,10000,13000,13000,13000,13000,13000,13000,219,0,8100.0,8008.50365159825,2964.5540000019537,13482.782700000826,236.58447488584474
1750764274,170,,Aggregated,6.900000,0.000000,8100,9000,9500,9800,11000,13000,13000,14000,15000,15000,15000,223,0,8100.0,8110.114098206347,2964.5540000019537,14527.334599999449,235.152466367713
1750764275,175,,Aggregated,6.900000,0.000000,8100,9100,9600,9900,12000,13000,15000,15000,15000,15000,15000,247,15,8100.0,8159.910052631649,2964.5540000019537,15244.004700001824,219.0931174089069
1750764276,180,,Aggregated,5.900000,0.000000,8100,9300,9800,10000,13000,15000,15000,15000,16000,16000,16000,257,15,8100.0,8435.027993385293,2964.5540000019537,15750.281600001472,215.97665369649806
1750764277,185,,Aggregated,6.400000,0.800000,8200,9300,9900,10000,14000,15000,16000,16000,16000,16000,16000,262,15,8100.0,8576.682512595486,2964.5540000019537,16267.36879999953,214.50763358778627
1750764279,190,,Aggregated,6.400000,1.500000,8300,9500,10000,11000,15000,16000,16000,17000,17000,17000,17000,271,15,8300.0,8843.666622509301,2964.5540000019537,17148.814200001652,214.8819188191882
1750764280,195,,Aggregated,6.400000,1.500000,8300,9500,10000,12000,15000,16000,17000,17000,18000,18000,18000,274,15,8300.0,8938.285313503718,2964.5540000019537,17824.79169999715,214.56934306569343
1750764281,200,,Aggregated,6.700000,1.500000,8300,9600,10000,13000,15000,17000,18000,18000,18000,18000,18000,297,28,8300.0,9059.00829932669,2964.5540000019537,18360.00050000075,205.02356902356902
1750764282,200,,Aggregated,6.900000,1.500000,8400,9700,11000,13000,16000,18000,18000,19000,19000,19000,19000,315,33,8400.0,9374.401716825469,2964.5540000019537,18773.187400001916,201.74920634920636
1750764283,200,,Aggregated,8.800000,2.800000,8400,9800,13000,15000,17000,18000,19000,19000,19000,19000,19000,330,38,8400.0,9590.01465303039,2964.5540000019537,19210.40820000053,198.94242424242424
1750764284,200,,Aggregated,9.500000,3.200000,8400,9900,13000,15000,18000,18000,19000,19000,19000,19000,19000,343,44,8400.0,9692.070520991329,2964.5540000019537,19323.318899998412,193.82507288629736
1750764286,200,,Aggregated,9.900000,3.600000,8700,10000,14000,16000,18000,19000,19000,20000,20000,20000,20000,367,50,8700.0,10081.677099455088,2964.5540000019537,19971.0785999996,189.32152588555857
1750764287,200,,Aggregated,11.400000,3.800000,8800,11000,15000,17000,19000,19000,20000,20000,20000,20000,20000,379,50,8800.0,10384.44814960424,2964.5540000019537,20067.08829999843,190.16358839050133
1750764288,200,,Aggregated,11.100000,3.500000,8900,12000,16000,17000,19000,19000,20000,20000,20000,20000,20000,389,50,8900.0,10625.613486118278,2964.5540000019537,20325.518000001466,190.67352185089973
1750764289,200,,Aggregated,11.100000,3.500000,8900,12000,16000,18000,19000,19000,20000,20000,21000,21000,21000,397,54,8900.0,10659.287469269568,2964.5540000019537,20598.048899999412,188.41057934508817
1750764290,200,,Aggregated,11.700000,3.500000,8900,12000,16000,18000,19000,20000,20000,20000,21000,21000,21000,406,60,8900.0,10638.174021182307,2964.5540000019537,20706.606399999146,186.48522167487684
1750764291,200,,Aggregated,12.700000,3.900000,8900,12000,16000,18000,19000,20000,20000,20000,21000,21000,21000,412,63,8900.0,10653.85593252431,2964.5540000019537,20706.606399999146,186.8495145631068
1750764292,200,,Aggregated,12.900000,4.300000,8800,12000,16000,18000,19000,20000,20000,20000,21000,21000,21000,428,74,8800.0,10619.75527990658,2964.5540000019537,21405.657499999506,183.14719626168224
1750764293,200,,Aggregated,11.500000,3.400000,8900,13000,17000,18000,19000,20000,20000,21000,22000,22000,22000,452,85,8800.0,10763.668832964657,2964.5540000019537,22241.59199999849,178.51991150442478
1750764295,200,,Aggregated,11.800000,4.200000,8900,13000,17000,18000,19000,20000,21000,21000,22000,22000,22000,464,90,8900.0,10846.783285775913,2964.5540000019537,22241.59199999849,175.69396551724137
1750764296,200,,Aggregated,11.800000,4.900000,9000,14000,18000,18000,20000,20000,21000,22000,22000,22000,22000,471,90,9000.0,10989.627999787735,2964.5540000019537,22241.59199999849,176.35456475583865
1750764298,200,,Aggregated,10.100000,4.000000,9100,15000,18000,19000,20000,20000,21000,22000,22000,22000,22000,486,94,9100.0,11150.588486419801,2964.5540000019537,22470.429900000454,175.3724279835391
1750764299,200,,Aggregated,9.500000,4.000000,9100,15000,18000,19000,20000,21000,22000,22000,22000,22000,22000,507,105,9100.0,11205.556317159806,2964.5540000019537,22470.429900000454,172.25049309664695
1750764300,200,,Aggregated,9.700000,4.000000,9300,15000,18000,19000,20000,21000,22000,22000,23000,23000,23000,524,107,9300.0,11425.292442938966,2964.5540000019537,22566.20750000002,169.96374045801528
1750764301,200,,Aggregated,9.800000,4.600000,9500,16000,19000,19000,20000,21000,22000,22000,24000,24000,24000,540,107,9500.0,11660.199612592614,2964.5540000019537,23916.675100001157,168.2574074074074
1750764302,200,,Aggregated,11.800000,4.900000,9600,17000,19000,19000,20000,21000,22000,22000,24000,24000,24000,553,107,9600.0,11844.920289150135,2964.5540000019537,23916.675100001157,167.18444846292948
1750764303,200,,Aggregated,12.500000,4.500000,10000,17000,19000,19000,20000,21000,22000,22000,24000,24000,24000,628,107,10000.0,12081.101767993636,2964.5540000019537,23916.675100001157,157.03503184713375
1750764304,200,,Aggregated,12.900000,3.700000,9200,15000,18000,19000,20000,21000,22000,22000,24000,24000,24000,711,107,9200.0,11231.700337271428,2351.9144999991113,23916.675100001157,146.64135021097047
1750764305,200,,Aggregated,12.000000,2.900000,9000,15000,18000,19000,20000,20000,22000,22000,24000,24000,24000,728,107,9000.0,11025.905420192292,2224.024200000713,23916.675100001157,144.80494505494505
1750764306,200,,Aggregated,21.300000,2.000000,8800,14000,18000,19000,20000,20000,22000,22000,24000,24000,24000,740,107,8800.0,10884.427555405402,2132.6954000032856,23916.675100001157,143.55945945945945
1750764307,200,,Aggregated,25.100000,1.700000,8200,13000,17000,18000,20000,20000,22000,22000,24000,24000,24000,810,107,8200.0,10155.849921111103,2132.6954000032856,23916.675100001157,137.02962962962962
1750764308,200,,Aggregated,26.400000,1.700000,7500,11000,17000,18000,19000,20000,22000,22000,24000,24000,24000,891,107,7500.0,9464.635137934893,2132.6954000032856,23916.675100001157,130.75420875420875
1750764309,200,,Aggregated,27.300000,1.700000,7300,10000,16000,18000,19000,20000,22000,22000,24000,24000,24000,907,107,7300.0,9339.448011797123,2132.6954000032856,23916.675100001157,129.64718853362734
1750764310,200,,Aggregated,35.600000,1.700000,7000,10000,16000,18000,19000,20000,22000,22000,24000,24000,24000,924,107,7000.0,9210.748155844138,2132.6954000032856,23916.675100001157,128.51298701298703
1750764311,200,,Aggregated,39.700000,0.700000,6000,9600,15000,17000,19000,20000,21000,22000,24000,24000,24000,1000,107,5800.0,8692.104191099983,2132.6954000032856,23916.675100001157,123.914
1750764312,200,,Aggregated,39.000000,0.000000,5200,9000,13000,17000,19000,20000,21000,22000,23000,24000,24000,1073,107,5200.0,8266.341560018618,2132.6954000032856,23916.675100001157,120.10997204100653
1750764313,200,,Aggregated,39.400000,0.000000,5200,8800,13000,17000,19000,20000,21000,22000,23000,24000,24000,1089,107,5200.0,8178.6273278236595,2102.7968999987934,23916.675100001157,119.34435261707989
1750764314,200,,Aggregated,46.700000,0.000000,5000,8600,13000,17000,19000,20000,21000,22000,23000,24000,24000,1117,107,5000.0,8031.963883437743,2102.7968999987934,23916.675100001157,118.05729632945389
1750764315,200,,Aggregated,52.000000,0.000000,4800,8200,11000,15000,19000,20000,21000,22000,23000,24000,24000,1189,107,4800.0,7689.57183860386,2102.7968999987934,23916.675100001157,115.02607232968882
1750764316,200,,Aggregated,42.300000,0.000000,4700,8000,10000,15000,19000,20000,21000,22000,23000,24000,24000,1254,107,4700.0,7415.211657575738,2102.7968999987934,23916.675100001157,112.58851674641149
1750764317,200,,Aggregated,41.300000,0.000000,4600,7800,10000,14000,19000,20000,21000,22000,23000,24000,24000,1273,107,4600.0,7340.322771563222,2102.7968999987934,23916.675100001157,111.92301649646504
1750764318,200,,Aggregated,47.100000,0.000000,4400,7600,9900,14000,19000,20000,21000,22000,23000,24000,24000,1305,107,4400.0,7217.6476609195215,2102.7968999987934,23916.675100001157,110.84597701149426
1750764319,200,,Aggregated,50.800000,0.000000,3100,6800,9500,13000,19000,20000,21000,22000,23000,24000,24000,1381,107,3100.0,6949.321819478612,2102.7968999987934,23916.675100001157,108.48805213613323
1750764320,200,,Aggregated,43.900000,0.000000,2600,6400,9100,12000,19000,20000,21000,22000,23000,24000,24000,1434,107,2600.0,6780.628373988812,2102.7968999987934,23916.675100001157,106.99163179916317
1750764321,200,,Aggregated,42.800000,0.000000,2600,6200,9000,12000,19000,20000,21000,22000,23000,24000,24000,1451,107,2600.0,6729.842970985499,2102.7968999987934,23916.675100001157,106.53480358373535
1750764322,200,,Aggregated,47.800000,0.000000,2600,5600,8800,11000,19000,20000,21000,22000,23000,24000,24000,1497,107,2600.0,6596.431469806259,2102.7968999987934,23916.675100001157,105.35070140280561
1750764323,200,,Aggregated,50.800000,0.000000,2500,5200,8300,10000,19000,20000,21000,22000,23000,24000,24000,1572,107,2500.0,6394.3426318065885,2102.7968999987934,23916.675100001157,103.56870229007633
1750764324,200,,Aggregated,43.400000,0.000000,2500,5100,8200,10000,18000,20000,21000,22000,23000,24000,24000,1612,107,2500.0,6293.862689578142,2102.7968999987934,23916.675100001157,102.68610421836229
1750764325,200,,Aggregated,43.300000,0.000000,2500,5000,8100,9900,18000,20000,21000,22000,23000,24000,24000,1633,107,2500.0,6243.636998530301,2102.7968999987934,23916.675100001157,102.24004898958971
1750764326,200,,Aggregated,48.500000,0.000000,2500,4900,8000,9600,18000,20000,21000,22000,23000,24000,24000,1692,107,2500.0,6108.050909160751,2102.7968999987934,23916.675100001157,101.04609929078015
1750764327,200,,Aggregated,49.000000,0.000000,2500,4800,7700,9300,18000,19000,21000,22000,23000,24000,24000,1755,107,2500.0,5975.085298233605,2102.7968999987934,23916.675100001157,99.85982905982905
1750764328,200,,Aggregated,43.300000,0.000000,2500,4800,7500,9100,18000,19000,21000,22000,23000,24000,24000,1791,107,2500.0,5903.245391401441,2102.7968999987934,23916.675100001157,99.21943048576215
1750764329,200,,Aggregated,44.000000,0.000000,2500,4800,7300,9000,18000,19000,20000,22000,23000,24000,24000,1822,107,2500.0,5842.479963721172,2102.7968999987934,23916.675100001157,98.68825466520308
1750764330,200,,Aggregated,48.600000,0.000000,2500,4600,6700,8700,18000,19000,20000,22000,23000,24000,24000,1889,107,2500.0,5714.717164319735,2029.8877999994147,23916.675100001157,97.59978824775013
1750764332,200,,Aggregated,47.300000,0.000000,2500,4000,6400,8300,18000,19000,20000,21000,23000,24000,24000,1946,107,2500.0,5612.900655035956,2027.3027000002912,23916.675100001157,96.7327852004111
1750764333,200,,Aggregated,43.500000,0.000000,2500,3700,6200,8300,18000,19000,20000,21000,23000,24000,24000,1975,107,2500.0,5564.430786987323,2027.3027000002912,23916.675100001157,96.31088607594937
1750764334,200,,Aggregated,49.400000,0.000000,2500,3200,5700,8200,17000,19000,20000,21000,23000,24000,24000,2027,107,2500.0,5478.049297434621,2027.3027000002912,23916.675100001157,95.58460779477059
1750764335,200,,Aggregated,46.400000,0.000000,2400,2700,5500,8100,17000,19000,20000,21000,23000,24000,24000,2088,107,2400.0,5382.519170737531,2024.0419000001566,23916.675100001157,94.77873563218391
1750764336,200,,Aggregated,45.000000,0.000000,2400,2600,5300,8000,17000,19000,20000,21000,23000,24000,24000,2135,107,2400.0,5311.780564168602,2023.687199998676,23916.675100001157,94.18922716627635
1750764337,200,,Aggregated,47.300000,0.000000,2400,2600,5200,7800,17000,19000,20000,21000,23000,24000,24000,2161,107,2400.0,5273.917213836163,2023.687199998676,23916.675100001157,93.87413234613605
1750764338,200,,Aggregated,49.800000,0.000000,2400,2600,5000,7600,17000,19000,20000,21000,23000,24000,24000,2222,107,2400.0,5190.435494644444,2023.687199998676,23916.675100001157,93.16381638163817
1750764339,200,,Aggregated,46.500000,0.000000,2400,2600,4900,7200,16000,19000,20000,21000,23000,24000,24000,2283,107,2400.0,5111.1457715724655,2023.687199998676,23916.675100001157,92.49145860709592
1750764340,200,,Aggregated,45.900000,0.000000,2400,2500,4900,7000,16000,19000,20000,21000,23000,24000,24000,2320,107,2400.0,5065.615686034458,2023.687199998676,23916.675100001157,92.10086206896551
1750764341,200,,Aggregated,48.700000,0.000000,2400,2500,4900,6700,16000,19000,20000,21000,23000,24000,24000,2360,107,2400.0,5016.883815932183,2023.687199998676,23916.675100001157,91.69237288135594
1750764342,200,,Aggregated,49.300000,0.000000,2400,2500,4800,6500,15000,19000,20000,21000,23000,24000,24000,2422,107,2400.0,4944.602809083388,2020.137400002568,23916.675100001157,91.08587943848059
1750764343,200,,Aggregated,46.900000,0.000000,2400,2500,4800,6200,15000,19000,20000,21000,23000,24000,24000,2478,107,2400.0,4883.552143583523,2020.137400002568,23916.675100001157,90.5641646489104
1750764344,200,,Aggregated,47.200000,0.000000,2400,2500,4700,5800,14000,19000,20000,21000,23000,24000,24000,2513,107,2400.0,4845.815495423782,2020.137400002568,23916.675100001157,90.24990051730998
1750764345,200,,Aggregated,49.500000,0.000000,2400,2500,4600,5600,14000,19000,20000,21000,23000,24000,24000,2555,107,2400.0,4802.659920039124,2020.137400002568,23916.675100001157,89.88414872798434
1750764346,200,,Aggregated,47.900000,0.000000,2400,2500,4400,5400,14000,19000,20000,21000,23000,24000,24000,2618,107,2400.0,4739.729796371257,2020.137400002568,23916.675100001157,89.35752482811306
1750764347,200,,Aggregated,46.300000,0.000000,2400,2500,3900,5300,13000,19000,20000,21000,23000,24000,24000,2665,107,2400.0,4695.110024727933,2020.137400002568,23916.675100001157,88.98086303939962
1750764348,200,,Aggregated,47.700000,0.000000,2400,2500,3700,5200,13000,19000,20000,21000,23000,24000,24000,2701,107,2400.0,4662.708852536076,2020.137400002568,23916.675100001157,88.70122176971492
1750764349,200,,Aggregated,50.000000,0.000000,2400,2500,3200,5100,13000,19000,20000,21000,23000,24000,24000,2751,107,2400.0,4617.605832569949,2020.137400002568,23916.675100001157,88.32497273718647
1750764350,200,,Aggregated,47.600000,0.000000,2400,2500,2700,5000,13000,19000,20000,21000,23000,24000,24000,2817,107,2400.0,4561.960865495184,2020.137400002568,23916.675100001157,87.84877529286474
1750764351,200,,Aggregated,46.400000,0.000000,2400,2500,2700,5000,12000,19000,20000,21000,23000,24000,24000,2850,107,2400.0,4534.6084215087485,2020.137400002568,23916.675100001157,87.61894736842105
1750764352,200,,Aggregated,49.200000,0.000000,2400,2500,2600,4900,12000,19000,20000,21000,23000,24000,24000,2889,107,2400.0,4503.744813257162,2020.137400002568,23916.675100001157,87.35410176531671
1750764353,200,,Aggregated,49.000000,0.000000,2400,2500,2600,4900,11000,19000,20000,21000,23000,24000,24000,2954,107,2400.0,4453.1007641502865,2020.137400002568,23916.675100001157,86.92823290453622
1750764354,200,,Aggregated,46.700000,0.000000,2400,2500,2600,4800,11000,19000,20000,21000,23000,24000,24000,2999,107,2400.0,4419.645744714883,2020.137400002568,23916.675100001157,86.64421473824608
1750764355,200,,Aggregated,47.100000,0.000000,2400,2500,2600,4800,11000,19000,20000,21000,22000,24000,24000,3042,107,2400.0,4388.821730440478,2020.137400002568,23916.675100001157,86.38067061143984
1750764356,200,,Aggregated,49.200000,0.000000,2400,2500,2600,4800,10000,19000,20000,21000,22000,24000,24000,3082,107,2400.0,4360.545867813087,2020.137400002568,23916.675100001157,86.14211550940948
1750764357,200,,Aggregated,48.300000,0.000000,2400,2500,2600,4700,10000,19000,20000,21000,22000,24000,24000,3153,107,2400.0,4312.971318078001,2020.137400002568,23916.675100001157,85.7335870599429
1750764358,200,,Aggregated,46.300000,0.000000,2400,2500,2500,4600,10000,19000,20000,21000,22000,24000,24000,3195,107,2400.0,4285.074239812184,2020.137400002568,23916.675100001157,85.50046948356807
1750764359,200,,Aggregated,47.100000,0.000000,2400,2500,2500,4500,10000,18000,20000,21000,22000,24000,24000,3226,107,2400.0,4264.961362213244,2020.137400002568,23916.675100001157,85.33230006199628
1750764360,200,,Aggregated,49.000000,0.000000,2400,2500,2500,4300,9900,18000,20000,21000,22000,24000,24000,3277,107,2400.0,4233.748444644471,2020.137400002568,23916.675100001157,85.06255721696674
1750764361,200,,Aggregated,47.500000,0.000000,2400,2500,2500,3900,9700,18000,20000,21000,22000,24000,24000,3340,107,2400.0,4195.838164461053,2020.137400002568,23916.675100001157,84.74071856287425
1750764362,200,,Aggregated,44.900000,0.000000,2400,2500,2500,3700,9600,18000,20000,21000,22000,24000,24000,3380,107,2400.0,4175.456384112402,2020.137400002568,23916.675100001157,84.54260355029585
1750764363,200,,Aggregated,48.100000,0.000000,2400,2500,2500,3200,9500,18000,20000,21000,22000,24000,24000,3413,107,2400.0,4157.13061655433,2020.137400002568,23916.675100001157,84.38265455610899
1750764364,200,,Aggregated,48.200000,0.000000,2400,2500,2500,3000,9500,18000,20000,21000,22000,24000,24000,3468,107,2400.0,4128.0816565167015,2020.137400002568,23916.675100001157,84.12283737024221
1750764365,200,,Aggregated,46.600000,0.000000,2400,2500,2500,2800,9300,18000,20000,21000,22000,24000,24000,3510,107,2400.0,4107.557849031318,2020.137400002568,23916.675100001157,83.92991452991453
1750764366,200,,Aggregated,45.000000,0.000000,2400,2500,2500,3000,9300,18000,20000,21000,22000,24000,24000,3520,107,2400.0,4105.366908437479,2020.137400002568,23916.675100001157,83.8846590909091
1750764367,200,,Aggregated,47.200000,0.000000,2400,2500,2600,3300,9100,18000,20000,21000,22000,24000,24000,3579,107,2400.0,4091.4100105057137,2020.137400002568,23916.675100001157,83.62279966471081
1750764368,200,,Aggregated,43.900000,0.000000,2400,2500,2600,3300,9000,18000,20000,20000,22000,24000,24000,3638,107,2400.0,4067.3933684441813,2020.137400002568,23916.675100001157,83.36943375481033
1750764369,200,,Aggregated,42.600000,0.000000,2400,2500,2600,3200,8900,18000,20000,20000,22000,24000,24000,3689,107,2400.0,4045.947199647581,2020.137400002568,23916.675100001157,83.15695310382218
1750764370,200,,Aggregated,43.800000,0.000000,2400,2500,2600,3200,8800,18000,20000,20000,22000,24000,24000,3713,107,2400.0,4034.9303474279345,2020.137400002568,23916.675100001157,83.05898195529221
1750764371,200,,Aggregated,46.400000,0.000000,2400,2500,2600,3000,8700,18000,20000,20000,22000,24000,24000,3767,107,2400.0,4010.4549063711006,2020.137400002568,23916.675100001157,82.84311122909477
1750764372,200,,Aggregated,44.000000,0.000000,2400,2500,2500,2900,8500,18000,20000,20000,22000,24000,24000,3830,107,2400.0,3982.4643428459353,2020.137400002568,23916.675100001157,82.59895561357702
1750764373,200,,Aggregated,42.100000,0.000000,2400,2500,2500,2800,8400,18000,20000,20000,22000,24000,24000,3871,107,2400.0,3964.7391180831655,2020.137400002568,23916.675100001157,82.44432963058641
1750764374,200,,Aggregated,44.500000,0.000000,2400,2500,2500,2800,8300,18000,20000,20000,22000,24000,24000,3902,107,2400.0,3951.0314980522667,2020.137400002568,23916.675100001157,82.32957457713992
1750764375,200,,Aggregated,44.800000,0.000000,2400,2500,2500,2700,8300,17000,20000,20000,22000,24000,24000,3970,107,2400.0,3922.4067491435635,2020.137400002568,23916.675100001157,82.08413098236775
1750764376,200,,Aggregated,43.700000,0.000000,2400,2500,2500,2700,8200,17000,20000,20000,22000,24000,24000,4022,107,2400.0,3900.494300323211,2020.137400002568,23916.675100001157,81.9020387866733
1750764377,200,,Aggregated,44.000000,0.000000,2400,2500,2500,2700,8200,17000,20000,20000,22000,24000,24000,4057,107,2400.0,3885.990847128409,2020.137400002568,23916.675100001157,81.78210500369731
1750764378,200,,Aggregated,48.600000,0.000000,2400,2500,2500,2600,8100,17000,20000,20000,22000,24000,24000,4105,107,2400.0,3866.408774567589,2020.137400002568,23916.675100001157,81.62095006090134
1750764379,200,,Aggregated,48.600000,0.000000,2400,2500,2500,2600,8100,17000,20000,20000,22000,24000,24000,4163,107,2400.0,3843.7450906317467,2020.137400002568,23916.675100001157,81.43117943790536
1750764380,200,,Aggregated,45.800000,0.000000,2400,2500,2500,2600,8000,17000,20000,20000,22000,24000,24000,4213,107,2400.0,3824.812080037969,2020.137400002568,23916.675100001157,81.27177783052457
1750764381,200,,Aggregated,45.100000,0.000000,2400,2500,2500,2600,8000,17000,20000,20000,22000,24000,24000,4247,107,2400.0,3811.980723169289,2020.137400002568,23916.675100001157,81.16552860842948
1750764382,200,,Aggregated,49.400000,0.000000,2400,2500,2500,2600,7900,17000,19000,20000,22000,24000,24000,4301,107,2400.0,3792.384835619619,2020.137400002568,23916.675100001157,81.00023250406882
1750764383,200,,Aggregated,48.200000,0.000000,2400,2500,2500,2600,7800,17000,19000,20000,22000,24000,24000,4354,107,2400.0,3773.0683050068774,2020.137400002568,23916.675100001157,80.8419843821773
1750764384,200,,Aggregated,46.100000,0.000000,2400,2400,2500,2600,7700,17000,19000,20000,22000,24000,24000,4398,107,2400.0,3757.838399749871,2020.137400002568,23916.675100001157,80.71350613915416
1750764385,200,,Aggregated,47.500000,0.000000,2400,2400,2500,2600,7600,17000,19000,20000,22000,24000,24000,4442,107,2400.0,3742.434118437625,2020.137400002568,23916.675100001157,80.58757316524088
1750764386,200,,Aggregated,49.600000,0.000000,2400,2400,2500,2600,7400,17000,19000,20000,22000,24000,24000,4500,107,2400.0,3723.013090311096,2020.137400002568,23916.675100001157,80.42533333333333
1750764387,200,,Aggregated,47.800000,0.000000,2400,2400,2500,2600,7300,16000,19000,20000,22000,24000,24000,4551,107,2400.0,3705.7773479674593,2020.137400002568,23916.675100001157,80.28609096901779
1750764388,200,,Aggregated,47.000000,0.000000,2400,2400,2500,2600,7100,16000,19000,20000,22000,24000,24000,4591,107,2400.0,3692.8153541276233,2020.137400002568,23916.675100001157,80.17904595948595
1750764389,200,,Aggregated,48.600000,0.000000,2400,2400,2500,2600,7000,16000,19000,20000,22000,24000,24000,4641,107,2400.0,3676.5271956259253,2020.137400002568,23916.675100001157,80.04783451842276
1750764390,200,,Aggregated,48.600000,0.000000,2400,2400,2500,2600,6800,16000,19000,20000,22000,24000,24000,4698,107,2400.0,3658.215392401008,2020.137400002568,23916.675100001157,79.90166028097063
1750764391,200,,Aggregated,47.800000,0.000000,2400,2400,2500,2600,6700,16000,19000,20000,22000,24000,24000,4736,107,2400.0,3646.610890857249,2020.137400002568,23916.675100001157,79.80616554054055
1750764392,200,,Aggregated,47.700000,0.000000,2400,2400,2500,2600,6600,15000,19000,20000,22000,24000,24000,4786,107,2400.0,3631.5433125574477,2020.137400002568,23916.675100001157,79.68282490597576
1750764393,200,,Aggregated,48.700000,0.000000,2400,2400,2500,2600,6500,15000,19000,20000,22000,24000,24000,4837,107,2400.0,3616.2393230514617,2020.137400002568,23916.675100001157,79.55964440769071
1750764394,200,,Aggregated,48.800000,0.000000,2400,2400,2500,2500,6400,15000,19000,20000,22000,24000,24000,4888,107,2400.0,3601.6648665098087,2020.137400002568,23916.675100001157,79.43903436988543
1750764395,200,,Aggregated,48.300000,0.000000,2400,2400,2500,2500,6200,15000,19000,20000,22000,24000,24000,4936,107,2400.0,3587.8574218597932,2020.137400002568,23916.675100001157,79.32779578606159
1750764396,200,,Aggregated,48.200000,0.000000,2400,2400,2500,2500,6100,15000,19000,20000,22000,24000,24000,4984,107,2400.0,3575.16899715087,2020.137400002568,23916.675100001157,79.21869983948636
1750764397,200,,Aggregated,48.500000,0.000000,2400,2400,2500,2500,5800,14000,19000,20000,22000,24000,24000,5027,107,2400.0,3564.082029500683,2020.137400002568,23916.675100001157,79.12273721901731
1750764398,200,,Aggregated,48.600000,0.000000,2400,2400,2500,2500,5700,14000,19000,20000,22000,24000,24000,5074,107,2400.0,3551.657491564826,2020.137400002568,23916.675100001157,79.01970831690974
1750764399,200,,Aggregated,47.600000,0.000000,2400,2400,2500,2500,5600,14000,19000,20000,22000,24000,24000,5123,107,2400.0,3539.102505075141,2020.137400002568,23916.675100001157,78.91430802264298
1750764400,200,,Aggregated,48.300000,0.000000,2400,2400,2500,2500,5500,14000,19000,20000,22000,24000,24000,5172,107,2400.0,3526.6237738785685,2020.137400002568,23916.675100001157,78.81090487238978
1750764401,200,,Aggregated,48.700000,0.000000,2400,2400,2500,2500,5400,14000,19000,20000,22000,24000,24000,5222,107,2400.0,3514.3757991191096,2020.137400002568,23916.675100001157,78.70739180390655
1750764402,200,,Aggregated,47.700000,0.000000,2400,2400,2500,2500,5400,13000,19000,20000,22000,24000,24000,5267,107,2400.0,3503.38825885703,2020.137400002568,23916.675100001157,78.61591038541864
1750764403,200,,Aggregated,47.200000,0.000000,2400,2400,2500,2500,5300,13000,19000,20000,22000,24000,24000,5310,107,2400.0,3493.2134413559284,2020.137400002568,23916.675100001157,78.52994350282486
1750764404,200,,Aggregated,48.200000,0.000000,2400,2400,2500,2500,5200,13000,19000,20000,22000,24000,24000,5366,107,2400.0,3479.502589060749,2020.137400002568,23916.675100001157,78.42005218039507
1750764405,200,,Aggregated,47.200000,0.000000,2400,2400,2500,2500,5200,13000,19000,20000,22000,24000,24000,5412,107,2400.0,3468.8417123244603,2020.137400002568,23916.675100001157,78.33148558758315
1750764406,200,,Aggregated,47.200000,0.000000,2400,2400,2500,2500,5200,13000,19000,20000,22000,24000,24000,5458,107,2400.0,3458.3731435690706,2020.137400002568,23916.675100001157,78.24441187248077
1750764407,200,,Aggregated,47.900000,0.000000,2400,2400,2500,2500,5100,13000,19000,20000,22000,24000,24000,5504,107,2400.0,3448.0020341751433,2020.137400002568,23916.675100001157,78.15879360465117
1750764408,200,,Aggregated,47.400000,0.000000,2400,2400,2500,2500,5000,13000,19000,20000,22000,24000,24000,5560,107,2400.0,3435.5742144784153,2020.137400002568,23916.675100001157,78.05647482014389
1750764409,200,,Aggregated,47.700000,0.000000,2400,2400,2500,2500,5000,13000,19000,20000,22000,24000,24000,5602,107,2400.0,3426.2126172081416,2020.137400002568,23916.675100001157,77.98107818636201
1750764410,200,,Aggregated,48.000000,0.000000,2400,2400,2500,2500,5000,13000,19000,20000,22000,24000,24000,5653,107,2400.0,3415.4942778524696,2020.137400002568,23916.675100001157,77.89103131080842
1750764411,200,,Aggregated,48.100000,0.000000,2400,2400,2500,2500,5000,12000,19000,20000,22000,24000,24000,5695,107,2400.0,3407.2333209130793,2020.137400002568,23916.675100001157,77.8180860403863
1750764412,200,,Aggregated,46.700000,0.000000,2400,2400,2500,2500,4900,12000,19000,20000,22000,24000,24000,5747,107,2400.0,3398.5540429093403,2020.137400002568,23916.675100001157,77.72925004350095
1750764413,200,,Aggregated,47.700000,0.000000,2400,2400,2500,2500,4900,12000,19000,20000,22000,24000,24000,5789,107,2400.0,3390.43191122819,2020.137400002568,23916.675100001157,77.65866298151667
1750764414,0,,Aggregated,47.700000,0.000000,2400,2400,2500,2500,4900,12000,19000,20000,22000,24000,24000,5796,107,2400.0,3389.178268944097,2020.137400002568,23916.675100001157,77.64699792960663
